Match_ID,Season,Team 1,Team 2,Winner,Venue
0,Sample Header,Practice Row,Practice Row,Practice,Training Venue
-1,Remove This Row,Practice Row,Practice Row,Practice,Training Venue
1,2015,Mumbai Indians,Chennai Super Kings,Chennai Super Kings,"MA Chidambaram Stadium, Chennai"
2,2021,Royal Challengers Bangalore,Mumbai Indians,Royal Challengers Bangalore,"Ekana Cricket Stadium, Lucknow"
3,2015,Chennai Super Kings,Lucknow Super Giants,Chennai Super Kings,"MA Chidambaram Stadium, Chennai"
4,2021,Gujarat Titans,Chennai Super Kings,Gujarat Titans,"Punjab Cricket Association IS Bindra Stadium, Mohali"
5,2013,Kolkata Knight Riders,Punjab Kings,Punjab Kings,"Wankhede Stadium, Mumbai"
6,2014,Sunrisers Hyderabad,Delhi Capitals,Delhi Capitals,"Eden Gardens, Kolkata"
7,2011,Delhi Capitals,Mumbai Indians,Delhi Capitals,"Arun Jaitley Stadium, Delhi"
8,2022,Delhi Capitals,Lucknow Super Giants,Lucknow Super Giants,"Wankhede Stadium, Mumbai"
9,2025,Gujarat Titans,Mumbai Indians,Mumbai Indians,"M Chinnaswamy Stadium, Bengaluru"
10,2009,Rajasthan Royals,Delhi Capitals,Rajasthan Royals,"M Chinnaswamy Stadium, Bengaluru"
11,2011,Kolkata Knight Riders,Rajasthan Royals,Kolkata Knight Riders,"MA Chidambaram Stadium, Chennai"
12,2013,Sunrisers Hyderabad,Rajasthan Royals,Rajasthan Royals,"Rajiv Gandhi International Stadium, Hyderabad"
13,2010,Delhi Capitals,Lucknow Super Giants,Delhi Capitals,"Narendra Modi Stadium, Ahmedabad"
14,2022,Lucknow Super Giants,Royal Challengers Bangalore,Lucknow Super Giants,"Eden Gardens, Kolkata"
15,2009,Sunrisers Hyderabad,Rajasthan Royals,Sunrisers Hyderabad,"Rajiv Gandhi International Stadium, Hyderabad"
16,2016,Kolkata Knight Riders,Chennai Super Kings,Chennai Super Kings,"Arun Jaitley Stadium, Delhi"
17,2023,Mumbai Indians,Kolkata Knight Riders,Kolkata Knight Riders,"MA Chidambaram Stadium, Chennai"
18,2012,Sunrisers Hyderabad,Punjab Kings,Sunrisers Hyderabad,"Narendra Modi Stadium, Ahmedabad"
19,2021,Kolkata Knight Riders,Gujarat Titans,Gujarat Titans,"Ekana Cricket Stadium, Lucknow"
20,2012,Lucknow Super Giants,Sunrisers Hyderabad,Sunrisers Hyderabad,"MA Chidambaram Stadium, Chennai"
21,2011,Gujarat Titans,Punjab Kings,Gujarat Titans,"Wankhede Stadium, Mumbai"
22,2010,Gujarat Titans,Punjab Kings,Gujarat Titans,"Wankhede Stadium, Mumbai"
23,2016,Sunrisers Hyderabad,Lucknow Super Giants,Lucknow Super Giants,"Punjab Cricket Association IS Bindra Stadium, Mohali"
24,2016,Gujarat Titans,Chennai Super Kings,Gujarat Titans,"Punjab Cricket Association IS Bindra Stadium, Mohali"
25,2013,Delhi Capitals,Mumbai Indians,Mumbai Indians,"Arun Jaitley Stadium, Delhi"
26,2013,Punjab Kings,Chennai Super Kings,Chennai Super Kings,"Punjab Cricket Association IS Bindra Stadium, Mohali"
27,2014,Gujarat Titans,Mumbai Indians,Mumbai Indians,"Punjab Cricket Association IS Bindra Stadium, Mohali"
28,2024,Royal Challengers Bangalore,Delhi Capitals,Royal Challengers Bangalore,"Punjab Cricket Association IS Bindra Stadium, Mohali"
29,2011,Chennai Super Kings,Delhi Capitals,Delhi Capitals,"Wankhede Stadium, Mumbai"
30,2015,Delhi Capitals,Rajasthan Royals,Delhi Capitals,"Wankhede Stadium, Mumbai"
31,2010,Lucknow Super Giants,Mumbai Indians,,"Sawai Mansingh Stadium, Jaipur"
32,2025,Gujarat Titans,Royal Challengers Bangalore,,"Sawai Mansingh Stadium, Jaipur"
33,2025,Royal Challengers Bangalore,Rajasthan Royals,Rajasthan Royals,"MA Chidambaram Stadium, Chennai"
34,2022,Kolkata Knight Riders,Rajasthan Royals,Rajasthan Royals,"Rajiv Gandhi International Stadium, Hyderabad"
35,2015,Gujarat Titans,Punjab Kings,Gujarat Titans,"MA Chidambaram Stadium, Chennai"
36,2025,Mumbai Indians,Delhi Capitals,Mumbai Indians,"Ekana Cricket Stadium, Lucknow"
37,2009,Kolkata Knight Riders,Lucknow Super Giants,Kolkata Knight Riders,"M Chinnaswamy Stadium, Bengaluru"
38,2010,Kolkata Knight Riders,Mumbai Indians,Kolkata Knight Riders,"Rajiv Gandhi International Stadium, Hyderabad"
39,2014,Gujarat Titans,Kolkata Knight Riders,Kolkata Knight Riders,"Sawai Mansingh Stadium, Jaipur"
40,2023,Gujarat Titans,Royal Challengers Bangalore,Royal Challengers Bangalore,"MA Chidambaram Stadium, Chennai"
41,2021,Sunrisers Hyderabad,Kolkata Knight Riders,Sunrisers Hyderabad,"M Chinnaswamy Stadium, Bengaluru"
42,2009,Delhi Capitals,Sunrisers Hyderabad,Sunrisers Hyderabad,"Sawai Mansingh Stadium, Jaipur"
43,2011,Mumbai Indians,Chennai Super Kings,Chennai Super Kings,"Rajiv Gandhi International Stadium, Hyderabad"
44,2022,Kolkata Knight Riders,Lucknow Super Giants,Kolkata Knight Riders,"Punjab Cricket Association IS Bindra Stadium, Mohali"
45,2022,Royal Challengers Bangalore,Sunrisers Hyderabad,Royal Challengers Bangalore,"Narendra Modi Stadium, Ahmedabad"
46,2011,Kolkata Knight Riders,Mumbai Indians,Mumbai Indians,"Punjab Cricket Association IS Bindra Stadium, Mohali"
47,2015,Chennai Super Kings,Gujarat Titans,Chennai Super Kings,"M Chinnaswamy Stadium, Bengaluru"
48,2014,Royal Challengers Bangalore,Sunrisers Hyderabad,Sunrisers Hyderabad,"Sawai Mansingh Stadium, Jaipur"
49,2008,Sunrisers Hyderabad,Chennai Super Kings,Sunrisers Hyderabad,"Arun Jaitley Stadium, Delhi"
50,2021,Sunrisers Hyderabad,Rajasthan Royals,Rajasthan Royals,"Narendra Modi Stadium, Ahmedabad"
51,2017,Gujarat Titans,Punjab Kings,Gujarat Titans,"MA Chidambaram Stadium, Chennai"
52,2009,Kolkata Knight Riders,Chennai Super Kings,Kolkata Knight Riders,"Rajiv Gandhi International Stadium, Hyderabad"
53,2024,Chennai Super Kings,Punjab Kings,Chennai Super Kings,"Wankhede Stadium, Mumbai"
54,2010,Mumbai Indians,Royal Challengers Bangalore,Mumbai Indians,"Ekana Cricket Stadium, Lucknow"
55,2015,Kolkata Knight Riders,Sunrisers Hyderabad,Kolkata Knight Riders,"Ekana Cricket Stadium, Lucknow"
56,2024,Lucknow Super Giants,Chennai Super Kings,ERROR,"Arun Jaitley Stadium, Delhi"
57,2015,Delhi Capitals,Rajasthan Royals,Delhi Capitals,"Rajiv Gandhi International Stadium, Hyderabad"
58,2022,Rajasthan Royals,Sunrisers Hyderabad,Rajasthan Royals,"Narendra Modi Stadium, Ahmedabad"
59,2011,Delhi Capitals,Mumbai Indians,Delhi Capitals,"Sawai Mansingh Stadium, Jaipur"
60,2016,Mumbai Indians,Gujarat Titans,Mumbai Indians,"Punjab Cricket Association IS Bindra Stadium, Mohali"
61,2019,Royal Challengers Bangalore,Delhi Capitals,Royal Challengers Bangalore,"MA Chidambaram Stadium, Chennai"
62,2017,Rajasthan Royals,Royal Challengers Bangalore,Royal Challengers Bangalore,"Punjab Cricket Association IS Bindra Stadium, Mohali"
63,2017,Lucknow Super Giants,Gujarat Titans,Lucknow Super Giants,"Punjab Cricket Association IS Bindra Stadium, Mohali"
64,2011,Mumbai Indians,Royal Challengers Bangalore,Royal Challengers Bangalore,"M Chinnaswamy Stadium, Bengaluru"
65,2014,Gujarat Titans,Royal Challengers Bangalore,Royal Challengers Bangalore,"Narendra Modi Stadium, Ahmedabad"
66,2023,Delhi Capitals,Kolkata Knight Riders,Kolkata Knight Riders,"Punjab Cricket Association IS Bindra Stadium, Mohali"
67,2016,Rajasthan Royals,Chennai Super Kings,Rajasthan Royals,"Arun Jaitley Stadium, Delhi"
68,2016,Chennai Super Kings,Lucknow Super Giants,Lucknow Super Giants,"Eden Gardens, Kolkata"
69,2008,Royal Challengers Bangalore,Punjab Kings,Punjab Kings,"Punjab Cricket Association IS Bindra Stadium, Mohali"
70,2009,Mumbai Indians,Lucknow Super Giants,Mumbai Indians,"Punjab Cricket Association IS Bindra Stadium, Mohali"
71,2012,Delhi Capitals,Gujarat Titans,Delhi Capitals,"Arun Jaitley Stadium, Delhi"
72,2019,Chennai Super Kings,Rajasthan Royals,Rajasthan Royals,"Wankhede Stadium, Mumbai"
73,2025,Kolkata Knight Riders,Lucknow Super Giants,Kolkata Knight Riders,"Rajiv Gandhi International Stadium, Hyderabad"
74,2013,Sunrisers Hyderabad,Royal Challengers Bangalore,Sunrisers Hyderabad,"Eden Gardens, Kolkata"
75,2021,Sunrisers Hyderabad,Chennai Super Kings,Sunrisers Hyderabad,"Rajiv Gandhi International Stadium, Hyderabad"
76,2020,Kolkata Knight Riders,Rajasthan Royals,Kolkata Knight Riders,"M Chinnaswamy Stadium, Bengaluru"
77,2022,Chennai Super Kings,Punjab Kings,Chennai Super Kings,"MA Chidambaram Stadium, Chennai"
78,2008,Delhi Capitals,Rajasthan Royals,Delhi Capitals,"MA Chidambaram Stadium, Chennai"
79,2010,Kolkata Knight Riders,Sunrisers Hyderabad,Sunrisers Hyderabad,"Narendra Modi Stadium, Ahmedabad"
80,2018,Rajasthan Royals,Delhi Capitals,Delhi Capitals,"Punjab Cricket Association IS Bindra Stadium, Mohali"
81,2016,Chennai Super Kings,Mumbai Indians,Mumbai Indians,"Eden Gardens, Kolkata"
82,2018,Chennai Super Kings,Mumbai Indians,Mumbai Indians,"Rajiv Gandhi International Stadium, Hyderabad"
83,2014,Sunrisers Hyderabad,Gujarat Titans,Sunrisers Hyderabad,"Arun Jaitley Stadium, Delhi"
84,2024,Rajasthan Royals,Chennai Super Kings,Chennai Super Kings,"Wankhede Stadium, Mumbai"
85,2010,Gujarat Titans,Kolkata Knight Riders,Kolkata Knight Riders,"Arun Jaitley Stadium, Delhi"
86,2024,Delhi Capitals,Lucknow Super Giants,Delhi Capitals,"Narendra Modi Stadium, Ahmedabad"
87,2017,Rajasthan Royals,Sunrisers Hyderabad,Sunrisers Hyderabad,"Arun Jaitley Stadium, Delhi"
88,2020,Gujarat Titans,Royal Challengers Bangalore,Gujarat Titans,"Arun Jaitley Stadium, Delhi"
89,2008,Royal Challengers Bangalore,Rajasthan Royals,Rajasthan Royals,"Punjab Cricket Association IS Bindra Stadium, Mohali"
90,2018,Rajasthan Royals,Lucknow Super Giants,Rajasthan Royals,"Arun Jaitley Stadium, Delhi"
91,2024,Punjab Kings,Lucknow Super Giants,Lucknow Super Giants,"MA Chidambaram Stadium, Chennai"
92,2024,Punjab Kings,Royal Challengers Bangalore,Punjab Kings,"Narendra Modi Stadium, Ahmedabad"
93,2017,Lucknow Super Giants,Delhi Capitals,Lucknow Super Giants,"MA Chidambaram Stadium, Chennai"
94,2009,Kolkata Knight Riders,Lucknow Super Giants,Kolkata Knight Riders,"Wankhede Stadium, Mumbai"
95,2021,Kolkata Knight Riders,Punjab Kings,Kolkata Knight Riders,"Sawai Mansingh Stadium, Jaipur"
96,2020,Lucknow Super Giants,Kolkata Knight Riders,Kolkata Knight Riders,"Sawai Mansingh Stadium, Jaipur"
97,2021,Kolkata Knight Riders,Royal Challengers Bangalore,Kolkata Knight Riders,"M Chinnaswamy Stadium, Bengaluru"
98,2025,Kolkata Knight Riders,Royal Challengers Bangalore,Royal Challengers Bangalore,"Wankhede Stadium, Mumbai"
99,2022,Kolkata Knight Riders,Mumbai Indians,Mumbai Indians,"Eden Gardens, Kolkata"
100,2024,Gujarat Titans,Lucknow Super Giants,Lucknow Super Giants,"Sawai Mansingh Stadium, Jaipur"
101,2023,Sunrisers Hyderabad,Gujarat Titans,Gujarat Titans,"Eden Gardens, Kolkata"
102,2024,Sunrisers Hyderabad,Gujarat Titans,Gujarat Titans,"Eden Gardens, Kolkata"
103,2010,Punjab Kings,Kolkata Knight Riders,Kolkata Knight Riders,"Sawai Mansingh Stadium, Jaipur"
104,2018,Rajasthan Royals,Kolkata Knight Riders,Kolkata Knight Riders,"Rajiv Gandhi International Stadium, Hyderabad"
105,2015,Gujarat Titans,Mumbai Indians,Gujarat Titans,"Eden Gardens, Kolkata"
106,2021,Sunrisers Hyderabad,Royal Challengers Bangalore,Sunrisers Hyderabad,"M Chinnaswamy Stadium, Bengaluru"
107,2009,Sunrisers Hyderabad,Delhi Capitals,Delhi Capitals,"Arun Jaitley Stadium, Delhi"
108,2008,Kolkata Knight Riders,Sunrisers Hyderabad,Sunrisers Hyderabad,"Ekana Cricket Stadium, Lucknow"
109,2019,Lucknow Super Giants,Sunrisers Hyderabad,Sunrisers Hyderabad,"Wankhede Stadium, Mumbai"
110,2025,Rajasthan Royals,Sunrisers Hyderabad,Sunrisers Hyderabad,"Punjab Cricket Association IS Bindra Stadium, Mohali"
111,2016,Lucknow Super Giants,Kolkata Knight Riders,Kolkata Knight Riders,"MA Chidambaram Stadium, Chennai"
112,2018,Sunrisers Hyderabad,Punjab Kings,Sunrisers Hyderabad,"Arun Jaitley Stadium, Delhi"
113,2025,Sunrisers Hyderabad,Royal Challengers Bangalore,Royal Challengers Bangalore,"Eden Gardens, Kolkata"
114,2021,Chennai Super Kings,Sunrisers Hyderabad,Chennai Super Kings,"M Chinnaswamy Stadium, Bengaluru"
115,2016,Royal Challengers Bangalore,Punjab Kings,Royal Challengers Bangalore,"Wankhede Stadium, Mumbai"
116,2018,Sunrisers Hyderabad,Delhi Capitals,Sunrisers Hyderabad,"Sawai Mansingh Stadium, Jaipur"
117,2016,Delhi Capitals,Sunrisers Hyderabad,Sunrisers Hyderabad,"Arun Jaitley Stadium, Delhi"
118,2009,Mumbai Indians,Punjab Kings,Mumbai Indians,"Punjab Cricket Association IS Bindra Stadium, Mohali"
119,2008,Delhi Capitals,Kolkata Knight Riders,Delhi Capitals,"Wankhede Stadium, Mumbai"
120,2012,Kolkata Knight Riders,Lucknow Super Giants,Kolkata Knight Riders,"Ekana Cricket Stadium, Lucknow"
121,2014,Kolkata Knight Riders,Royal Challengers Bangalore,Royal Challengers Bangalore,"M Chinnaswamy Stadium, Bengaluru"
122,2011,Punjab Kings,Rajasthan Royals,Rajasthan Royals,"Eden Gardens, Kolkata"
123,2008,Royal Challengers Bangalore,Rajasthan Royals,Royal Challengers Bangalore,"Ekana Cricket Stadium, Lucknow"
124,2010,Rajasthan Royals,Sunrisers Hyderabad,Sunrisers Hyderabad,"MA Chidambaram Stadium, Chennai"
125,2011,Lucknow Super Giants,Kolkata Knight Riders,Lucknow Super Giants,"Narendra Modi Stadium, Ahmedabad"
126,2021,Lucknow Super Giants,Chennai Super Kings,Chennai Super Kings,"Punjab Cricket Association IS Bindra Stadium, Mohali"
127,2021,Delhi Capitals,Mumbai Indians,Mumbai Indians,"Wankhede Stadium, Mumbai"
128,2022,Punjab Kings,Mumbai Indians,Mumbai Indians,"Rajiv Gandhi International Stadium, Hyderabad"
129,2016,Royal Challengers Bangalore,Sunrisers Hyderabad,Royal Challengers Bangalore,"Punjab Cricket Association IS Bindra Stadium, Mohali"
130,2021,Lucknow Super Giants,Gujarat Titans,Gujarat Titans,"Sawai Mansingh Stadium, Jaipur"
131,2010,Lucknow Super Giants,Rajasthan Royals,Rajasthan Royals,"MA Chidambaram Stadium, Chennai"
132,2020,Rajasthan Royals,Punjab Kings,Rajasthan Royals,"Sawai Mansingh Stadium, Jaipur"
133,2013,Delhi Capitals,Chennai Super Kings,Chennai Super Kings,"Rajiv Gandhi International Stadium, Hyderabad"
134,2018,Punjab Kings,Kolkata Knight Riders,Kolkata Knight Riders,"Narendra Modi Stadium, Ahmedabad"
135,2014,Rajasthan Royals,Lucknow Super Giants,Rajasthan Royals,"Punjab Cricket Association IS Bindra Stadium, Mohali"
136,2025,Mumbai Indians,Kolkata Knight Riders,Kolkata Knight Riders,"Sawai Mansingh Stadium, Jaipur"
137,2008,Kolkata Knight Riders,Punjab Kings,Punjab Kings,"Sawai Mansingh Stadium, Jaipur"
138,2015,Mumbai Indians,Rajasthan Royals,Mumbai Indians,"Arun Jaitley Stadium, Delhi"
139,2024,Rajasthan Royals,Delhi Capitals,Delhi Capitals,"Punjab Cricket Association IS Bindra Stadium, Mohali"
140,2022,Delhi Capitals,Sunrisers Hyderabad,Sunrisers Hyderabad,"Rajiv Gandhi International Stadium, Hyderabad"
141,2011,Rajasthan Royals,Lucknow Super Giants,Lucknow Super Giants,"MA Chidambaram Stadium, Chennai"
142,2013,Kolkata Knight Riders,Delhi Capitals,Kolkata Knight Riders,"Punjab Cricket Association IS Bindra Stadium, Mohali"
143,2024,Kolkata Knight Riders,Lucknow Super Giants,Lucknow Super Giants,"Narendra Modi Stadium, Ahmedabad"
144,2017,Lucknow Super Giants,Rajasthan Royals,Lucknow Super Giants,"MA Chidambaram Stadium, Chennai"
145,2008,Kolkata Knight Riders,Delhi Capitals,Kolkata Knight Riders,"Narendra Modi Stadium, Ahmedabad"
146,2009,Gujarat Titans,Royal Challengers Bangalore,Royal Challengers Bangalore,"Wankhede Stadium, Mumbai"
147,2011,Gujarat Titans,Rajasthan Royals,Gujarat Titans,"Sawai Mansingh Stadium, Jaipur"
148,2022,Chennai Super Kings,Rajasthan Royals,Rajasthan Royals,"Sawai Mansingh Stadium, Jaipur"
149,2023,Delhi Capitals,Royal Challengers Bangalore,Delhi Capitals,"Narendra Modi Stadium, Ahmedabad"
150,2010,Mumbai Indians,Lucknow Super Giants,Lucknow Super Giants,"Sawai Mansingh Stadium, Jaipur"
151,2017,Lucknow Super Giants,Chennai Super Kings,Lucknow Super Giants,"Eden Gardens, Kolkata"
152,2021,Mumbai Indians,Kolkata Knight Riders,Mumbai Indians,"Punjab Cricket Association IS Bindra Stadium, Mohali"
153,2022,Lucknow Super Giants,Kolkata Knight Riders,Kolkata Knight Riders,"Sawai Mansingh Stadium, Jaipur"
154,2009,Rajasthan Royals,Sunrisers Hyderabad,Sunrisers Hyderabad,"Ekana Cricket Stadium, Lucknow"
155,2016,Lucknow Super Giants,Mumbai Indians,Lucknow Super Giants,"MA Chidambaram Stadium, Chennai"
156,2025,Mumbai Indians,Royal Challengers Bangalore,ERROR,"Eden Gardens, Kolkata"
157,2022,Mumbai Indians,Royal Challengers Bangalore,Mumbai Indians,"Arun Jaitley Stadium, Delhi"
158,2015,Lucknow Super Giants,Punjab Kings,Punjab Kings,"Wankhede Stadium, Mumbai"
159,2015,Rajasthan Royals,Lucknow Super Giants,Lucknow Super Giants,"M Chinnaswamy Stadium, Bengaluru"
160,2025,Rajasthan Royals,Kolkata Knight Riders,Kolkata Knight Riders,"M Chinnaswamy Stadium, Bengaluru"
161,2010,Kolkata Knight Riders,Royal Challengers Bangalore,Royal Challengers Bangalore,"Eden Gardens, Kolkata"
162,2017,Chennai Super Kings,Royal Challengers Bangalore,Royal Challengers Bangalore,"Ekana Cricket Stadium, Lucknow"
163,2020,Punjab Kings,Mumbai Indians,Mumbai Indians,"Narendra Modi Stadium, Ahmedabad"
164,2010,Rajasthan Royals,Gujarat Titans,Gujarat Titans,"Sawai Mansingh Stadium, Jaipur"
165,2016,Lucknow Super Giants,Chennai Super Kings,Chennai Super Kings,"Rajiv Gandhi International Stadium, Hyderabad"
166,2008,Chennai Super Kings,Mumbai Indians,Chennai Super Kings,"Ekana Cricket Stadium, Lucknow"
167,2024,Rajasthan Royals,Chennai Super Kings,Rajasthan Royals,"Sawai Mansingh Stadium, Jaipur"
168,2021,Punjab Kings,Rajasthan Royals,Punjab Kings,"Ekana Cricket Stadium, Lucknow"
169,2021,Punjab Kings,Mumbai Indians,Mumbai Indians,"Rajiv Gandhi International Stadium, Hyderabad"
170,2018,Delhi Capitals,Lucknow Super Giants,Delhi Capitals,"Eden Gardens, Kolkata"
171,2025,Sunrisers Hyderabad,Punjab Kings,Punjab Kings,"Arun Jaitley Stadium, Delhi"
172,2016,Chennai Super Kings,Punjab Kings,Chennai Super Kings,"Rajiv Gandhi International Stadium, Hyderabad"
173,2008,Delhi Capitals,Mumbai Indians,Mumbai Indians,"Punjab Cricket Association IS Bindra Stadium, Mohali"
174,2014,Gujarat Titans,Punjab Kings,Punjab Kings,"Wankhede Stadium, Mumbai"
175,2009,Gujarat Titans,Delhi Capitals,Delhi Capitals,"Sawai Mansingh Stadium, Jaipur"
176,2022,Kolkata Knight Riders,Rajasthan Royals,Kolkata Knight Riders,"Narendra Modi Stadium, Ahmedabad"
177,2015,Punjab Kings,Mumbai Indians,Punjab Kings,"Ekana Cricket Stadium, Lucknow"
178,2021,Royal Challengers Bangalore,Rajasthan Royals,Royal Challengers Bangalore,"Punjab Cricket Association IS Bindra Stadium, Mohali"
179,2011,Mumbai Indians,Kolkata Knight Riders,Mumbai Indians,"Sawai Mansingh Stadium, Jaipur"
180,2016,Royal Challengers Bangalore,Punjab Kings,Punjab Kings,"Punjab Cricket Association IS Bindra Stadium, Mohali"
181,2022,Sunrisers Hyderabad,Punjab Kings,Punjab Kings,"MA Chidambaram Stadium, Chennai"
182,2024,Gujarat Titans,Royal Challengers Bangalore,Royal Challengers Bangalore,"MA Chidambaram Stadium, Chennai"
183,2018,Royal Challengers Bangalore,Mumbai Indians,Mumbai Indians,"Arun Jaitley Stadium, Delhi"
184,2017,Gujarat Titans,Rajasthan Royals,Gujarat Titans,"Narendra Modi Stadium, Ahmedabad"
185,2025,Lucknow Super Giants,Punjab Kings,Lucknow Super Giants,"Sawai Mansingh Stadium, Jaipur"
186,2025,Punjab Kings,Delhi Capitals,Delhi Capitals,"Punjab Cricket Association IS Bindra Stadium, Mohali"
187,2015,Sunrisers Hyderabad,Punjab Kings,Punjab Kings,"MA Chidambaram Stadium, Chennai"
188,2009,Lucknow Super Giants,Sunrisers Hyderabad,Lucknow Super Giants,"Arun Jaitley Stadium, Delhi"
189,2012,Delhi Capitals,Punjab Kings,Punjab Kings,"Arun Jaitley Stadium, Delhi"
190,2018,Punjab Kings,Chennai Super Kings,Punjab Kings,"Punjab Cricket Association IS Bindra Stadium, Mohali"
191,2022,Mumbai Indians,Punjab Kings,Mumbai Indians,"Punjab Cricket Association IS Bindra Stadium, Mohali"
192,2010,Chennai Super Kings,Royal Challengers Bangalore,Royal Challengers Bangalore,"Eden Gardens, Kolkata"
193,2020,Punjab Kings,Rajasthan Royals,Rajasthan Royals,"Ekana Cricket Stadium, Lucknow"
194,2023,Mumbai Indians,Delhi Capitals,Delhi Capitals,"Rajiv Gandhi International Stadium, Hyderabad"
195,2017,Gujarat Titans,Chennai Super Kings,Gujarat Titans,"MA Chidambaram Stadium, Chennai"
196,2011,Kolkata Knight Riders,Mumbai Indians,Mumbai Indians,"M Chinnaswamy Stadium, Bengaluru"
197,2009,Punjab Kings,Royal Challengers Bangalore,Royal Challengers Bangalore,"Wankhede Stadium, Mumbai"
198,2019,Delhi Capitals,Chennai Super Kings,Chennai Super Kings,"Rajiv Gandhi International Stadium, Hyderabad"
199,2021,Sunrisers Hyderabad,Royal Challengers Bangalore,Sunrisers Hyderabad,"Punjab Cricket Association IS Bindra Stadium, Mohali"
200,2010,Lucknow Super Giants,Royal Challengers Bangalore,Lucknow Super Giants,"Eden Gardens, Kolkata"
201,2012,Lucknow Super Giants,Sunrisers Hyderabad,Lucknow Super Giants,"Sawai Mansingh Stadium, Jaipur"
202,2016,Kolkata Knight Riders,Punjab Kings,Punjab Kings,"Sawai Mansingh Stadium, Jaipur"
203,2013,Chennai Super Kings,Punjab Kings,,"Punjab Cricket Association IS Bindra Stadium, Mohali"
204,2017,Mumbai Indians,Punjab Kings,Punjab Kings,"Ekana Cricket Stadium, Lucknow"
205,2014,Sunrisers Hyderabad,Rajasthan Royals,Rajasthan Royals,"Narendra Modi Stadium, Ahmedabad"
206,2020,Sunrisers Hyderabad,Punjab Kings,Sunrisers Hyderabad,"MA Chidambaram Stadium, Chennai"
207,2008,Lucknow Super Giants,Delhi Capitals,Delhi Capitals,"Narendra Modi Stadium, Ahmedabad"
208,2009,Sunrisers Hyderabad,Rajasthan Royals,Sunrisers Hyderabad,"Ekana Cricket Stadium, Lucknow"
209,2019,Lucknow Super Giants,Punjab Kings,Punjab Kings,"MA Chidambaram Stadium, Chennai"
210,2011,Kolkata Knight Riders,Lucknow Super Giants,Lucknow Super Giants,"Eden Gardens, Kolkata"
211,2019,Chennai Super Kings,Rajasthan Royals,Rajasthan Royals,"Wankhede Stadium, Mumbai"
212,2021,Royal Challengers Bangalore,Mumbai Indians,Mumbai Indians,"Rajiv Gandhi International Stadium, Hyderabad"
213,2019,Royal Challengers Bangalore,Kolkata Knight Riders,Royal Challengers Bangalore,"Punjab Cricket Association IS Bindra Stadium, Mohali"
214,2016,Gujarat Titans,Lucknow Super Giants,Lucknow Super Giants,"Eden Gardens, Kolkata"
215,2022,Punjab Kings,Rajasthan Royals,Rajasthan Royals,"M Chinnaswamy Stadium, Bengaluru"
216,2025,Mumbai Indians,Royal Challengers Bangalore,Mumbai Indians,"Arun Jaitley Stadium, Delhi"
217,2016,Delhi Capitals,Mumbai Indians,Mumbai Indians,"Wankhede Stadium, Mumbai"
218,2016,Gujarat Titans,Mumbai Indians,Mumbai Indians,"Rajiv Gandhi International Stadium, Hyderabad"
219,2015,Lucknow Super Giants,Sunrisers Hyderabad,Sunrisers Hyderabad,"M Chinnaswamy Stadium, Bengaluru"
220,2015,Punjab Kings,Chennai Super Kings,Chennai Super Kings,"Ekana Cricket Stadium, Lucknow"
221,2011,Mumbai Indians,Punjab Kings,Punjab Kings,"Arun Jaitley Stadium, Delhi"
222,2023,Royal Challengers Bangalore,Chennai Super Kings,Royal Challengers Bangalore,"Narendra Modi Stadium, Ahmedabad"
223,2012,Mumbai Indians,Lucknow Super Giants,Mumbai Indians,"Punjab Cricket Association IS Bindra Stadium, Mohali"
224,2021,Sunrisers Hyderabad,Punjab Kings,Punjab Kings,"Punjab Cricket Association IS Bindra Stadium, Mohali"
225,2023,Lucknow Super Giants,Royal Challengers Bangalore,Royal Challengers Bangalore,"M Chinnaswamy Stadium, Bengaluru"
226,2019,Lucknow Super Giants,Sunrisers Hyderabad,Sunrisers Hyderabad,"Wankhede Stadium, Mumbai"
227,2019,Kolkata Knight Riders,Punjab Kings,Punjab Kings,"MA Chidambaram Stadium, Chennai"
228,2020,Mumbai Indians,Delhi Capitals,Delhi Capitals,"Wankhede Stadium, Mumbai"
229,2010,Rajasthan Royals,Kolkata Knight Riders,Rajasthan Royals,"Sawai Mansingh Stadium, Jaipur"
230,2015,Kolkata Knight Riders,Chennai Super Kings,Kolkata Knight Riders,"Rajiv Gandhi International Stadium, Hyderabad"
231,2014,Royal Challengers Bangalore,Kolkata Knight Riders,Royal Challengers Bangalore,"Punjab Cricket Association IS Bindra Stadium, Mohali"
232,2012,Lucknow Super Giants,Kolkata Knight Riders,Lucknow Super Giants,"Rajiv Gandhi International Stadium, Hyderabad"
233,2012,Lucknow Super Giants,Chennai Super Kings,Chennai Super Kings,"Eden Gardens, Kolkata"
234,2008,Gujarat Titans,Rajasthan Royals,Gujarat Titans,"M Chinnaswamy Stadium, Bengaluru"
235,2018,Royal Challengers Bangalore,Chennai Super Kings,Chennai Super Kings,"MA Chidambaram Stadium, Chennai"
236,2012,Chennai Super Kings,Royal Challengers Bangalore,Royal Challengers Bangalore,"Wankhede Stadium, Mumbai"
237,2023,Sunrisers Hyderabad,Gujarat Titans,Sunrisers Hyderabad,"M Chinnaswamy Stadium, Bengaluru"
238,2024,Punjab Kings,Delhi Capitals,Punjab Kings,"Sawai Mansingh Stadium, Jaipur"
239,2008,Kolkata Knight Riders,Chennai Super Kings,Chennai Super Kings,"Sawai Mansingh Stadium, Jaipur"
240,2011,Chennai Super Kings,Punjab Kings,Punjab Kings,"Arun Jaitley Stadium, Delhi"
241,2018,Punjab Kings,Lucknow Super Giants,Punjab Kings,"M Chinnaswamy Stadium, Bengaluru"
242,2016,Lucknow Super Giants,Royal Challengers Bangalore,Lucknow Super Giants,"Eden Gardens, Kolkata"
243,2024,Lucknow Super Giants,Gujarat Titans,Gujarat Titans,"Arun Jaitley Stadium, Delhi"
244,2011,Rajasthan Royals,Punjab Kings,Punjab Kings,"M Chinnaswamy Stadium, Bengaluru"
245,2015,Gujarat Titans,Kolkata Knight Riders,Kolkata Knight Riders,"Sawai Mansingh Stadium, Jaipur"
246,2021,Sunrisers Hyderabad,Delhi Capitals,Delhi Capitals,"Arun Jaitley Stadium, Delhi"
247,2016,Mumbai Indians,Delhi Capitals,Delhi Capitals,"Rajiv Gandhi International Stadium, Hyderabad"
248,2010,Delhi Capitals,Royal Challengers Bangalore,Royal Challengers Bangalore,"M Chinnaswamy Stadium, Bengaluru"
249,2019,Mumbai Indians,Lucknow Super Giants,Lucknow Super Giants,"M Chinnaswamy Stadium, Bengaluru"
250,2025,Royal Challengers Bangalore,Gujarat Titans,Royal Challengers Bangalore,"Ekana Cricket Stadium, Lucknow"
251,2019,Gujarat Titans,Delhi Capitals,Gujarat Titans,"Arun Jaitley Stadium, Delhi"
252,2017,Sunrisers Hyderabad,Chennai Super Kings,Chennai Super Kings,"Ekana Cricket Stadium, Lucknow"
253,2023,Delhi Capitals,Mumbai Indians,Delhi Capitals,"Eden Gardens, Kolkata"
254,2019,Kolkata Knight Riders,Mumbai Indians,Mumbai Indians,"Punjab Cricket Association IS Bindra Stadium, Mohali"
255,2025,Mumbai Indians,Rajasthan Royals,Mumbai Indians,"Arun Jaitley Stadium, Delhi"
256,2016,Lucknow Super Giants,Gujarat Titans,Lucknow Super Giants,"Ekana Cricket Stadium, Lucknow"
257,2018,Chennai Super Kings,Royal Challengers Bangalore,Royal Challengers Bangalore,"Narendra Modi Stadium, Ahmedabad"
258,2020,Delhi Capitals,Chennai Super Kings,Delhi Capitals,"Eden Gardens, Kolkata"
259,2024,Mumbai Indians,Royal Challengers Bangalore,Mumbai Indians,"M Chinnaswamy Stadium, Bengaluru"
260,2018,Kolkata Knight Riders,Sunrisers Hyderabad,Sunrisers Hyderabad,"Sawai Mansingh Stadium, Jaipur"
261,2010,Royal Challengers Bangalore,Delhi Capitals,Delhi Capitals,"Rajiv Gandhi International Stadium, Hyderabad"
262,2009,Chennai Super Kings,Royal Challengers Bangalore,Chennai Super Kings,"Ekana Cricket Stadium, Lucknow"
263,2023,Mumbai Indians,Rajasthan Royals,Rajasthan Royals,"Arun Jaitley Stadium, Delhi"
264,2014,Lucknow Super Giants,Punjab Kings,Punjab Kings,"Narendra Modi Stadium, Ahmedabad"
265,2011,Gujarat Titans,Mumbai Indians,Mumbai Indians,"Arun Jaitley Stadium, Delhi"
266,2015,Rajasthan Royals,Punjab Kings,Punjab Kings,"Wankhede Stadium, Mumbai"
267,2017,Sunrisers Hyderabad,Chennai Super Kings,Sunrisers Hyderabad,"MA Chidambaram Stadium, Chennai"
268,2018,Kolkata Knight Riders,Royal Challengers Bangalore,Royal Challengers Bangalore,"Narendra Modi Stadium, Ahmedabad"
269,2013,Mumbai Indians,Chennai Super Kings,Chennai Super Kings,"Arun Jaitley Stadium, Delhi"
270,2025,Royal Challengers Bangalore,Sunrisers Hyderabad,Royal Challengers Bangalore,"Punjab Cricket Association IS Bindra Stadium, Mohali"
271,2021,Delhi Capitals,Mumbai Indians,Mumbai Indians,"Wankhede Stadium, Mumbai"
272,2021,Chennai Super Kings,Punjab Kings,Chennai Super Kings,"Rajiv Gandhi International Stadium, Hyderabad"
273,2011,Lucknow Super Giants,Sunrisers Hyderabad,Sunrisers Hyderabad,"Narendra Modi Stadium, Ahmedabad"
274,2022,Sunrisers Hyderabad,Chennai Super Kings,Chennai Super Kings,"Eden Gardens, Kolkata"
275,2015,Delhi Capitals,Mumbai Indians,Mumbai Indians,"M Chinnaswamy Stadium, Bengaluru"
276,2017,Sunrisers Hyderabad,Lucknow Super Giants,Sunrisers Hyderabad,"Arun Jaitley Stadium, Delhi"
277,2010,Delhi Capitals,Kolkata Knight Riders,Kolkata Knight Riders,"Eden Gardens, Kolkata"
278,2019,Gujarat Titans,Mumbai Indians,Gujarat Titans,"Rajiv Gandhi International Stadium, Hyderabad"
279,2016,Royal Challengers Bangalore,Kolkata Knight Riders,Royal Challengers Bangalore,"Eden Gardens, Kolkata"
280,2013,Kolkata Knight Riders,Royal Challengers Bangalore,Kolkata Knight Riders,"M Chinnaswamy Stadium, Bengaluru"
281,2018,Punjab Kings,Lucknow Super Giants,Lucknow Super Giants,"Ekana Cricket Stadium, Lucknow"
282,2023,Delhi Capitals,Royal Challengers Bangalore,Royal Challengers Bangalore,"M Chinnaswamy Stadium, Bengaluru"
283,2009,Punjab Kings,Rajasthan Royals,Rajasthan Royals,"Ekana Cricket Stadium, Lucknow"
284,2022,Delhi Capitals,Gujarat Titans,Delhi Capitals,"Narendra Modi Stadium, Ahmedabad"
285,2017,Punjab Kings,Chennai Super Kings,Punjab Kings,"Rajiv Gandhi International Stadium, Hyderabad"
286,2025,Mumbai Indians,Lucknow Super Giants,Lucknow Super Giants,"Sawai Mansingh Stadium, Jaipur"
287,2023,Chennai Super Kings,Punjab Kings,Chennai Super Kings,"Rajiv Gandhi International Stadium, Hyderabad"
288,2011,Gujarat Titans,Royal Challengers Bangalore,Gujarat Titans,"Sawai Mansingh Stadium, Jaipur"
289,2015,Delhi Capitals,Mumbai Indians,Delhi Capitals,"Wankhede Stadium, Mumbai"
290,2019,Punjab Kings,Lucknow Super Giants,Punjab Kings,"Rajiv Gandhi International Stadium, Hyderabad"
291,2009,Rajasthan Royals,Sunrisers Hyderabad,Sunrisers Hyderabad,"Rajiv Gandhi International Stadium, Hyderabad"
292,2025,Delhi Capitals,Mumbai Indians,Mumbai Indians,"M Chinnaswamy Stadium, Bengaluru"
293,2012,Sunrisers Hyderabad,Rajasthan Royals,Rajasthan Royals,"Ekana Cricket Stadium, Lucknow"
294,2017,Delhi Capitals,Mumbai Indians,Delhi Capitals,"Rajiv Gandhi International Stadium, Hyderabad"
295,2025,Sunrisers Hyderabad,Royal Challengers Bangalore,Sunrisers Hyderabad,"Narendra Modi Stadium, Ahmedabad"
296,2010,Sunrisers Hyderabad,Delhi Capitals,Sunrisers Hyderabad,"Punjab Cricket Association IS Bindra Stadium, Mohali"
297,2019,Sunrisers Hyderabad,Gujarat Titans,Gujarat Titans,"Wankhede Stadium, Mumbai"
298,2023,Rajasthan Royals,Royal Challengers Bangalore,Rajasthan Royals,"Rajiv Gandhi International Stadium, Hyderabad"
299,2010,Kolkata Knight Riders,Lucknow Super Giants,Kolkata Knight Riders,"Eden Gardens, Kolkata"
300,2012,Rajasthan Royals,Mumbai Indians,Rajasthan Royals,"Rajiv Gandhi International Stadium, Hyderabad"
301,2013,Lucknow Super Giants,Sunrisers Hyderabad,Lucknow Super Giants,"Eden Gardens, Kolkata"
302,2021,Lucknow Super Giants,Royal Challengers Bangalore,Royal Challengers Bangalore,"Wankhede Stadium, Mumbai"
303,2017,Delhi Capitals,Kolkata Knight Riders,Kolkata Knight Riders,"Ekana Cricket Stadium, Lucknow"
304,2023,Punjab Kings,Kolkata Knight Riders,,"Narendra Modi Stadium, Ahmedabad"
305,2017,Kolkata Knight Riders,Delhi Capitals,Delhi Capitals,"Sawai Mansingh Stadium, Jaipur"
306,2014,Sunrisers Hyderabad,Gujarat Titans,Gujarat Titans,"Eden Gardens, Kolkata"
307,2023,Lucknow Super Giants,Royal Challengers Bangalore,Royal Challengers Bangalore,"Wankhede Stadium, Mumbai"
308,2011,Delhi Capitals,Gujarat Titans,Delhi Capitals,"Punjab Cricket Association IS Bindra Stadium, Mohali"
309,2022,Rajasthan Royals,Mumbai Indians,Rajasthan Royals,"Narendra Modi Stadium, Ahmedabad"
310,2015,Gujarat Titans,Royal Challengers Bangalore,Royal Challengers Bangalore,"M Chinnaswamy Stadium, Bengaluru"
311,2009,Punjab Kings,Delhi Capitals,Punjab Kings,"Arun Jaitley Stadium, Delhi"
312,2020,Sunrisers Hyderabad,Gujarat Titans,Gujarat Titans,"MA Chidambaram Stadium, Chennai"
313,2018,Mumbai Indians,Delhi Capitals,Mumbai Indians,"Wankhede Stadium, Mumbai"
314,2009,Mumbai Indians,Delhi Capitals,Mumbai Indians,"Eden Gardens, Kolkata"
315,2022,Rajasthan Royals,Punjab Kings,Rajasthan Royals,"Sawai Mansingh Stadium, Jaipur"
316,2016,Lucknow Super Giants,Chennai Super Kings,Lucknow Super Giants,"Wankhede Stadium, Mumbai"
317,2017,Kolkata Knight Riders,Royal Challengers Bangalore,Royal Challengers Bangalore,"M Chinnaswamy Stadium, Bengaluru"
318,2015,Kolkata Knight Riders,Rajasthan Royals,Kolkata Knight Riders,"Wankhede Stadium, Mumbai"
319,2023,Sunrisers Hyderabad,Punjab Kings,Sunrisers Hyderabad,"M Chinnaswamy Stadium, Bengaluru"
320,2015,Lucknow Super Giants,Gujarat Titans,Lucknow Super Giants,"Punjab Cricket Association IS Bindra Stadium, Mohali"
321,2019,Royal Challengers Bangalore,Rajasthan Royals,Rajasthan Royals,"Wankhede Stadium, Mumbai"
322,2024,Kolkata Knight Riders,Sunrisers Hyderabad,Kolkata Knight Riders,"M Chinnaswamy Stadium, Bengaluru"
323,2023,Delhi Capitals,Mumbai Indians,Delhi Capitals,"Arun Jaitley Stadium, Delhi"
324,2008,Chennai Super Kings,Sunrisers Hyderabad,Sunrisers Hyderabad,"Narendra Modi Stadium, Ahmedabad"
325,2011,Delhi Capitals,Mumbai Indians,Mumbai Indians,"MA Chidambaram Stadium, Chennai"
326,2019,Lucknow Super Giants,Delhi Capitals,Lucknow Super Giants,"Wankhede Stadium, Mumbai"
327,2023,Gujarat Titans,Delhi Capitals,Gujarat Titans,"Sawai Mansingh Stadium, Jaipur"
328,2009,Royal Challengers Bangalore,Lucknow Super Giants,Royal Challengers Bangalore,"Sawai Mansingh Stadium, Jaipur"
329,2009,Rajasthan Royals,Kolkata Knight Riders,Rajasthan Royals,"MA Chidambaram Stadium, Chennai"
330,2023,Delhi Capitals,Rajasthan Royals,Rajasthan Royals,"Punjab Cricket Association IS Bindra Stadium, Mohali"
331,2019,Rajasthan Royals,Chennai Super Kings,Rajasthan Royals,"Narendra Modi Stadium, Ahmedabad"
332,2019,Chennai Super Kings,Delhi Capitals,Delhi Capitals,"M Chinnaswamy Stadium, Bengaluru"
333,2018,Sunrisers Hyderabad,Lucknow Super Giants,Lucknow Super Giants,"Arun Jaitley Stadium, Delhi"
334,2024,Royal Challengers Bangalore,Punjab Kings,Punjab Kings,"Rajiv Gandhi International Stadium, Hyderabad"
335,2021,Rajasthan Royals,Mumbai Indians,Mumbai Indians,"M Chinnaswamy Stadium, Bengaluru"
336,2011,Lucknow Super Giants,Royal Challengers Bangalore,Royal Challengers Bangalore,"Rajiv Gandhi International Stadium, Hyderabad"
337,2022,Mumbai Indians,Delhi Capitals,Delhi Capitals,"Narendra Modi Stadium, Ahmedabad"
338,2019,Lucknow Super Giants,Sunrisers Hyderabad,Lucknow Super Giants,"Sawai Mansingh Stadium, Jaipur"
339,2021,Punjab Kings,Chennai Super Kings,Chennai Super Kings,"Ekana Cricket Stadium, Lucknow"
340,2019,Rajasthan Royals,Chennai Super Kings,Rajasthan Royals,"Arun Jaitley Stadium, Delhi"
341,2022,Gujarat Titans,Royal Challengers Bangalore,Gujarat Titans,"Eden Gardens, Kolkata"
342,2019,Chennai Super Kings,Royal Challengers Bangalore,Chennai Super Kings,"MA Chidambaram Stadium, Chennai"
343,2012,Delhi Capitals,Sunrisers Hyderabad,Delhi Capitals,"Ekana Cricket Stadium, Lucknow"
344,2010,Punjab Kings,Delhi Capitals,Delhi Capitals,"Sawai Mansingh Stadium, Jaipur"
345,2018,Lucknow Super Giants,Royal Challengers Bangalore,Royal Challengers Bangalore,"Arun Jaitley Stadium, Delhi"
346,2013,Rajasthan Royals,Kolkata Knight Riders,Rajasthan Royals,"Wankhede Stadium, Mumbai"
347,2011,Punjab Kings,Gujarat Titans,Gujarat Titans,"Punjab Cricket Association IS Bindra Stadium, Mohali"
348,2017,Rajasthan Royals,Lucknow Super Giants,Lucknow Super Giants,"MA Chidambaram Stadium, Chennai"
349,2010,Punjab Kings,Kolkata Knight Riders,Punjab Kings,"Eden Gardens, Kolkata"
350,2018,Punjab Kings,Royal Challengers Bangalore,Royal Challengers Bangalore,"M Chinnaswamy Stadium, Bengaluru"
351,2013,Delhi Capitals,Mumbai Indians,Mumbai Indians,"Narendra Modi Stadium, Ahmedabad"
352,2014,Royal Challengers Bangalore,Delhi Capitals,Royal Challengers Bangalore,"M Chinnaswamy Stadium, Bengaluru"
353,2019,Royal Challengers Bangalore,Kolkata Knight Riders,Kolkata Knight Riders,"Wankhede Stadium, Mumbai"
354,2012,Gujarat Titans,Delhi Capitals,Delhi Capitals,"Punjab Cricket Association IS Bindra Stadium, Mohali"
355,2020,Lucknow Super Giants,Mumbai Indians,Lucknow Super Giants,"Narendra Modi Stadium, Ahmedabad"
356,2010,Punjab Kings,Gujarat Titans,ERROR,"Arun Jaitley Stadium, Delhi"
357,2022,Royal Challengers Bangalore,Delhi Capitals,Royal Challengers Bangalore,"Sawai Mansingh Stadium, Jaipur"
358,2013,Gujarat Titans,Delhi Capitals,Gujarat Titans,"Punjab Cricket Association IS Bindra Stadium, Mohali"
359,2024,Royal Challengers Bangalore,Sunrisers Hyderabad,Royal Challengers Bangalore,"M Chinnaswamy Stadium, Bengaluru"
360,2018,Royal Challengers Bangalore,Rajasthan Royals,Royal Challengers Bangalore,"Eden Gardens, Kolkata"
361,2016,Kolkata Knight Riders,Delhi Capitals,Delhi Capitals,"M Chinnaswamy Stadium, Bengaluru"
362,2017,Kolkata Knight Riders,Gujarat Titans,Gujarat Titans,"Eden Gardens, Kolkata"
363,2013,Lucknow Super Giants,Gujarat Titans,Lucknow Super Giants,"Punjab Cricket Association IS Bindra Stadium, Mohali"
364,2018,Lucknow Super Giants,Royal Challengers Bangalore,Lucknow Super Giants,"Ekana Cricket Stadium, Lucknow"
365,2009,Lucknow Super Giants,Chennai Super Kings,Lucknow Super Giants,"M Chinnaswamy Stadium, Bengaluru"
366,2021,Lucknow Super Giants,Rajasthan Royals,Lucknow Super Giants,"Ekana Cricket Stadium, Lucknow"
367,2017,Lucknow Super Giants,Chennai Super Kings,Chennai Super Kings,"Punjab Cricket Association IS Bindra Stadium, Mohali"
368,2017,Rajasthan Royals,Punjab Kings,Rajasthan Royals,"Arun Jaitley Stadium, Delhi"
369,2022,Punjab Kings,Mumbai Indians,Punjab Kings,"Eden Gardens, Kolkata"
370,2018,Sunrisers Hyderabad,Punjab Kings,Punjab Kings,"MA Chidambaram Stadium, Chennai"
371,2019,Lucknow Super Giants,Royal Challengers Bangalore,Royal Challengers Bangalore,"Rajiv Gandhi International Stadium, Hyderabad"
372,2025,Sunrisers Hyderabad,Royal Challengers Bangalore,Royal Challengers Bangalore,"Punjab Cricket Association IS Bindra Stadium, Mohali"
373,2011,Mumbai Indians,Delhi Capitals,Mumbai Indians,"Sawai Mansingh Stadium, Jaipur"
374,2011,Rajasthan Royals,Punjab Kings,Rajasthan Royals,"Eden Gardens, Kolkata"
375,2021,Chennai Super Kings,Rajasthan Royals,Rajasthan Royals,"Ekana Cricket Stadium, Lucknow"
376,2018,Kolkata Knight Riders,Royal Challengers Bangalore,Royal Challengers Bangalore,"Ekana Cricket Stadium, Lucknow"
377,2022,Kolkata Knight Riders,Royal Challengers Bangalore,Royal Challengers Bangalore,"Punjab Cricket Association IS Bindra Stadium, Mohali"
378,2010,Punjab Kings,Rajasthan Royals,Rajasthan Royals,"Wankhede Stadium, Mumbai"
379,2014,Sunrisers Hyderabad,Gujarat Titans,Gujarat Titans,"MA Chidambaram Stadium, Chennai"
380,2017,Lucknow Super Giants,Delhi Capitals,Lucknow Super Giants,"Wankhede Stadium, Mumbai"
381,2008,Punjab Kings,Lucknow Super Giants,Lucknow Super Giants,"Punjab Cricket Association IS Bindra Stadium, Mohali"
382,2019,Mumbai Indians,Sunrisers Hyderabad,Mumbai Indians,"Narendra Modi Stadium, Ahmedabad"
383,2009,Sunrisers Hyderabad,Delhi Capitals,Sunrisers Hyderabad,"Arun Jaitley Stadium, Delhi"
384,2025,Lucknow Super Giants,Gujarat Titans,Lucknow Super Giants,"Rajiv Gandhi International Stadium, Hyderabad"
385,2022,Rajasthan Royals,Mumbai Indians,Mumbai Indians,"Punjab Cricket Association IS Bindra Stadium, Mohali"
386,2011,Gujarat Titans,Rajasthan Royals,Gujarat Titans,"Eden Gardens, Kolkata"
387,2019,Sunrisers Hyderabad,Delhi Capitals,Delhi Capitals,"Punjab Cricket Association IS Bindra Stadium, Mohali"
388,2009,Royal Challengers Bangalore,Kolkata Knight Riders,Kolkata Knight Riders,"Punjab Cricket Association IS Bindra Stadium, Mohali"
389,2023,Chennai Super Kings,Lucknow Super Giants,Chennai Super Kings,"Rajiv Gandhi International Stadium, Hyderabad"
390,2024,Gujarat Titans,Punjab Kings,Gujarat Titans,"Ekana Cricket Stadium, Lucknow"
391,2020,Royal Challengers Bangalore,Delhi Capitals,Delhi Capitals,"Eden Gardens, Kolkata"
392,2024,Lucknow Super Giants,Rajasthan Royals,Rajasthan Royals,"Punjab Cricket Association IS Bindra Stadium, Mohali"
393,2008,Gujarat Titans,Punjab Kings,Punjab Kings,"Sawai Mansingh Stadium, Jaipur"
394,2017,Delhi Capitals,Lucknow Super Giants,Delhi Capitals,"Arun Jaitley Stadium, Delhi"
395,2015,Chennai Super Kings,Punjab Kings,Punjab Kings,"Ekana Cricket Stadium, Lucknow"
396,2020,Chennai Super Kings,Punjab Kings,Chennai Super Kings,"Punjab Cricket Association IS Bindra Stadium, Mohali"
397,2011,Royal Challengers Bangalore,Kolkata Knight Riders,Royal Challengers Bangalore,"Ekana Cricket Stadium, Lucknow"
398,2021,Kolkata Knight Riders,Chennai Super Kings,Chennai Super Kings,"Rajiv Gandhi International Stadium, Hyderabad"
399,2024,Royal Challengers Bangalore,Sunrisers Hyderabad,Royal Challengers Bangalore,"Arun Jaitley Stadium, Delhi"
400,2024,Lucknow Super Giants,Punjab Kings,Lucknow Super Giants,"Eden Gardens, Kolkata"
401,2024,Kolkata Knight Riders,Gujarat Titans,Gujarat Titans,"Sawai Mansingh Stadium, Jaipur"
402,2025,Sunrisers Hyderabad,Delhi Capitals,Sunrisers Hyderabad,"Sawai Mansingh Stadium, Jaipur"
403,2023,Delhi Capitals,Gujarat Titans,Gujarat Titans,"Narendra Modi Stadium, Ahmedabad"
404,2017,Kolkata Knight Riders,Lucknow Super Giants,Lucknow Super Giants,"Punjab Cricket Association IS Bindra Stadium, Mohali"
405,2023,Kolkata Knight Riders,Rajasthan Royals,Rajasthan Royals,"MA Chidambaram Stadium, Chennai"
406,2016,Delhi Capitals,Punjab Kings,Punjab Kings,"Punjab Cricket Association IS Bindra Stadium, Mohali"
407,2019,Rajasthan Royals,Mumbai Indians,Mumbai Indians,"Arun Jaitley Stadium, Delhi"
408,2010,Royal Challengers Bangalore,Rajasthan Royals,Royal Challengers Bangalore,"Narendra Modi Stadium, Ahmedabad"
409,2014,Delhi Capitals,Punjab Kings,Punjab Kings,"Sawai Mansingh Stadium, Jaipur"
410,2016,Kolkata Knight Riders,Gujarat Titans,Gujarat Titans,"Punjab Cricket Association IS Bindra Stadium, Mohali"
411,2009,Royal Challengers Bangalore,Mumbai Indians,Royal Challengers Bangalore,"MA Chidambaram Stadium, Chennai"
412,2011,Gujarat Titans,Kolkata Knight Riders,Gujarat Titans,"Wankhede Stadium, Mumbai"
413,2012,Sunrisers Hyderabad,Delhi Capitals,Delhi Capitals,"M Chinnaswamy Stadium, Bengaluru"
414,2023,Chennai Super Kings,Gujarat Titans,Chennai Super Kings,"Arun Jaitley Stadium, Delhi"
415,2017,Punjab Kings,Kolkata Knight Riders,Kolkata Knight Riders,"Rajiv Gandhi International Stadium, Hyderabad"
416,2009,Chennai Super Kings,Mumbai Indians,Chennai Super Kings,"Punjab Cricket Association IS Bindra Stadium, Mohali"
417,2020,Royal Challengers Bangalore,Sunrisers Hyderabad,Royal Challengers Bangalore,"Wankhede Stadium, Mumbai"
418,2008,Punjab Kings,Royal Challengers Bangalore,Royal Challengers Bangalore,"Wankhede Stadium, Mumbai"
419,2022,Rajasthan Royals,Mumbai Indians,Mumbai Indians,"Narendra Modi Stadium, Ahmedabad"
420,2024,Gujarat Titans,Lucknow Super Giants,Lucknow Super Giants,"Eden Gardens, Kolkata"
421,2018,Punjab Kings,Rajasthan Royals,Punjab Kings,"M Chinnaswamy Stadium, Bengaluru"
422,2008,Royal Challengers Bangalore,Punjab Kings,Punjab Kings,"Eden Gardens, Kolkata"
423,2020,Delhi Capitals,Rajasthan Royals,Delhi Capitals,"Eden Gardens, Kolkata"
424,2020,Sunrisers Hyderabad,Gujarat Titans,Gujarat Titans,"M Chinnaswamy Stadium, Bengaluru"
425,2018,Mumbai Indians,Royal Challengers Bangalore,Mumbai Indians,"Sawai Mansingh Stadium, Jaipur"
426,2015,Kolkata Knight Riders,Chennai Super Kings,Chennai Super Kings,"Arun Jaitley Stadium, Delhi"
427,2008,Punjab Kings,Rajasthan Royals,Rajasthan Royals,"Narendra Modi Stadium, Ahmedabad"
428,2011,Rajasthan Royals,Delhi Capitals,Rajasthan Royals,"Wankhede Stadium, Mumbai"
429,2024,Punjab Kings,Rajasthan Royals,Punjab Kings,"Arun Jaitley Stadium, Delhi"
430,2015,Rajasthan Royals,Mumbai Indians,Mumbai Indians,"Rajiv Gandhi International Stadium, Hyderabad"
431,2022,Kolkata Knight Riders,Royal Challengers Bangalore,Royal Challengers Bangalore,"Eden Gardens, Kolkata"
432,2023,Lucknow Super Giants,Delhi Capitals,Delhi Capitals,"Punjab Cricket Association IS Bindra Stadium, Mohali"
433,2010,Gujarat Titans,Kolkata Knight Riders,Gujarat Titans,"Ekana Cricket Stadium, Lucknow"
434,2011,Gujarat Titans,Punjab Kings,Punjab Kings,"M Chinnaswamy Stadium, Bengaluru"
435,2025,Chennai Super Kings,Gujarat Titans,Chennai Super Kings,"Ekana Cricket Stadium, Lucknow"
436,2022,Royal Challengers Bangalore,Lucknow Super Giants,Lucknow Super Giants,"Punjab Cricket Association IS Bindra Stadium, Mohali"
437,2024,Mumbai Indians,Kolkata Knight Riders,Kolkata Knight Riders,"M Chinnaswamy Stadium, Bengaluru"
438,2024,Punjab Kings,Chennai Super Kings,Chennai Super Kings,"Eden Gardens, Kolkata"
439,2022,Sunrisers Hyderabad,Punjab Kings,Sunrisers Hyderabad,"Punjab Cricket Association IS Bindra Stadium, Mohali"
440,2008,Rajasthan Royals,Chennai Super Kings,Chennai Super Kings,"Narendra Modi Stadium, Ahmedabad"
441,2019,Kolkata Knight Riders,Mumbai Indians,Kolkata Knight Riders,"Arun Jaitley Stadium, Delhi"
442,2023,Mumbai Indians,Gujarat Titans,Mumbai Indians,"M Chinnaswamy Stadium, Bengaluru"
443,2012,Chennai Super Kings,Rajasthan Royals,Rajasthan Royals,"Eden Gardens, Kolkata"
444,2020,Sunrisers Hyderabad,Delhi Capitals,Delhi Capitals,"Sawai Mansingh Stadium, Jaipur"
445,2011,Sunrisers Hyderabad,Mumbai Indians,Sunrisers Hyderabad,"Rajiv Gandhi International Stadium, Hyderabad"
446,2012,Royal Challengers Bangalore,Gujarat Titans,Gujarat Titans,"Punjab Cricket Association IS Bindra Stadium, Mohali"
447,2022,Kolkata Knight Riders,Chennai Super Kings,Kolkata Knight Riders,"Narendra Modi Stadium, Ahmedabad"
448,2015,Gujarat Titans,Sunrisers Hyderabad,Sunrisers Hyderabad,"MA Chidambaram Stadium, Chennai"
449,2014,Punjab Kings,Delhi Capitals,Punjab Kings,"Narendra Modi Stadium, Ahmedabad"
450,2008,Mumbai Indians,Chennai Super Kings,Chennai Super Kings,"Ekana Cricket Stadium, Lucknow"
451,2009,Kolkata Knight Riders,Lucknow Super Giants,Kolkata Knight Riders,"M Chinnaswamy Stadium, Bengaluru"
452,2020,Punjab Kings,Chennai Super Kings,Punjab Kings,"Wankhede Stadium, Mumbai"
453,2012,Punjab Kings,Kolkata Knight Riders,Punjab Kings,"Wankhede Stadium, Mumbai"
454,2018,Gujarat Titans,Rajasthan Royals,Gujarat Titans,"Ekana Cricket Stadium, Lucknow"
455,2012,Lucknow Super Giants,Delhi Capitals,Lucknow Super Giants,"Narendra Modi Stadium, Ahmedabad"
456,2016,Gujarat Titans,Kolkata Knight Riders,Kolkata Knight Riders,"Narendra Modi Stadium, Ahmedabad"
457,2025,Chennai Super Kings,Gujarat Titans,Chennai Super Kings,"Arun Jaitley Stadium, Delhi"
458,2024,Punjab Kings,Chennai Super Kings,Chennai Super Kings,"Arun Jaitley Stadium, Delhi"
459,2017,Delhi Capitals,Sunrisers Hyderabad,Sunrisers Hyderabad,"Eden Gardens, Kolkata"
460,2015,Sunrisers Hyderabad,Royal Challengers Bangalore,Royal Challengers Bangalore,"MA Chidambaram Stadium, Chennai"
461,2025,Rajasthan Royals,Royal Challengers Bangalore,Royal Challengers Bangalore,"Wankhede Stadium, Mumbai"
462,2015,Sunrisers Hyderabad,Lucknow Super Giants,Sunrisers Hyderabad,"Arun Jaitley Stadium, Delhi"
463,2022,Rajasthan Royals,Kolkata Knight Riders,Kolkata Knight Riders,"M Chinnaswamy Stadium, Bengaluru"
464,2016,Delhi Capitals,Mumbai Indians,Delhi Capitals,"Wankhede Stadium, Mumbai"
465,2025,Sunrisers Hyderabad,Chennai Super Kings,Sunrisers Hyderabad,"MA Chidambaram Stadium, Chennai"
466,2017,Kolkata Knight Riders,Punjab Kings,Kolkata Knight Riders,"Rajiv Gandhi International Stadium, Hyderabad"
467,2023,Chennai Super Kings,Kolkata Knight Riders,Chennai Super Kings,"M Chinnaswamy Stadium, Bengaluru"
468,2025,Kolkata Knight Riders,Lucknow Super Giants,Lucknow Super Giants,"MA Chidambaram Stadium, Chennai"
469,2025,Delhi Capitals,Rajasthan Royals,Rajasthan Royals,"Sawai Mansingh Stadium, Jaipur"
470,2024,Delhi Capitals,Rajasthan Royals,Rajasthan Royals,"Rajiv Gandhi International Stadium, Hyderabad"
471,2018,Punjab Kings,Lucknow Super Giants,Punjab Kings,"Sawai Mansingh Stadium, Jaipur"
472,2009,Kolkata Knight Riders,Delhi Capitals,Delhi Capitals,"Arun Jaitley Stadium, Delhi"
473,2016,Lucknow Super Giants,Kolkata Knight Riders,Lucknow Super Giants,"Wankhede Stadium, Mumbai"
474,2014,Gujarat Titans,Sunrisers Hyderabad,Sunrisers Hyderabad,"Eden Gardens, Kolkata"
475,2015,Delhi Capitals,Kolkata Knight Riders,Kolkata Knight Riders,"Ekana Cricket Stadium, Lucknow"
476,2023,Punjab Kings,Gujarat Titans,Gujarat Titans,"Narendra Modi Stadium, Ahmedabad"
477,2013,Punjab Kings,Lucknow Super Giants,Punjab Kings,"Rajiv Gandhi International Stadium, Hyderabad"
478,2025,Royal Challengers Bangalore,Gujarat Titans,Gujarat Titans,"Eden Gardens, Kolkata"
479,2009,Chennai Super Kings,Gujarat Titans,Chennai Super Kings,"M Chinnaswamy Stadium, Bengaluru"
480,2010,Chennai Super Kings,Sunrisers Hyderabad,Chennai Super Kings,"MA Chidambaram Stadium, Chennai"
481,2022,Royal Challengers Bangalore,Chennai Super Kings,Royal Challengers Bangalore,"Punjab Cricket Association IS Bindra Stadium, Mohali"
482,2008,Delhi Capitals,Chennai Super Kings,Chennai Super Kings,"Sawai Mansingh Stadium, Jaipur"
483,2008,Chennai Super Kings,Gujarat Titans,Gujarat Titans,"Wankhede Stadium, Mumbai"
484,2024,Gujarat Titans,Rajasthan Royals,Rajasthan Royals,"Wankhede Stadium, Mumbai"
485,2024,Sunrisers Hyderabad,Royal Challengers Bangalore,Sunrisers Hyderabad,"M Chinnaswamy Stadium, Bengaluru"
486,2024,Royal Challengers Bangalore,Kolkata Knight Riders,Royal Challengers Bangalore,"Ekana Cricket Stadium, Lucknow"
487,2010,Rajasthan Royals,Delhi Capitals,Delhi Capitals,"Arun Jaitley Stadium, Delhi"
488,2015,Delhi Capitals,Sunrisers Hyderabad,Sunrisers Hyderabad,"Ekana Cricket Stadium, Lucknow"
489,2010,Kolkata Knight Riders,Rajasthan Royals,Kolkata Knight Riders,"Wankhede Stadium, Mumbai"
490,2023,Sunrisers Hyderabad,Lucknow Super Giants,Lucknow Super Giants,"Punjab Cricket Association IS Bindra Stadium, Mohali"
491,2023,Chennai Super Kings,Lucknow Super Giants,Chennai Super Kings,"M Chinnaswamy Stadium, Bengaluru"
492,2009,Sunrisers Hyderabad,Delhi Capitals,Sunrisers Hyderabad,"Punjab Cricket Association IS Bindra Stadium, Mohali"
493,2009,Kolkata Knight Riders,Lucknow Super Giants,Lucknow Super Giants,"Narendra Modi Stadium, Ahmedabad"
494,2018,Mumbai Indians,Rajasthan Royals,Mumbai Indians,"Eden Gardens, Kolkata"
495,2010,Chennai Super Kings,Kolkata Knight Riders,Chennai Super Kings,"Arun Jaitley Stadium, Delhi"
496,2020,Rajasthan Royals,Royal Challengers Bangalore,Rajasthan Royals,"Ekana Cricket Stadium, Lucknow"
497,2010,Gujarat Titans,Delhi Capitals,Delhi Capitals,"Eden Gardens, Kolkata"
498,2021,Gujarat Titans,Delhi Capitals,Gujarat Titans,"M Chinnaswamy Stadium, Bengaluru"
499,2020,Kolkata Knight Riders,Mumbai Indians,Mumbai Indians,"Ekana Cricket Stadium, Lucknow"
500,2023,Delhi Capitals,Chennai Super Kings,Chennai Super Kings,"Sawai Mansingh Stadium, Jaipur"
